userIdFake,speed,timestamp,supposedActivity
2,14.6,2024-12-13 10:00:00,IN_VEHICLE
2,2.5,2024-12-13 10:05:00,WALKING
1,7.4,2024-12-13 10:10:00,WALKING
1,1.9,2024-12-13 10:15:00,WALKING
1,6.6,2024-12-13 10:20:00,WALKING
2,0.5,2024-12-13 10:25:00,STILL
2,0.3,2024-12-13 10:30:00,STILL
2,1.8,2024-12-13 10:35:00,WALKING
1,2.3,2024-12-13 10:40:00,WALKING
1,4.9,2024-12-13 10:45:00,WALKING
1,6.7,2024-12-13 10:50:00,RUNNING
1,7.5,2024-12-13 10:55:00,RUNNING
2,0.0,2024-12-13 11:00:00,STILL
1,0.1,2024-12-13 11:05:00,STILL
2,3.1,2024-12-13 11:10:00,WALKING
1,3.7,2024-12-13 11:15:00,WALKING
2,19.2,2024-12-13 11:20:00,IN_VEHICLE
1,20.6,2024-12-13 11:25:00,IN_VEHICLE
1,5.8,2024-12-13 11:30:00,RUNNING
1,0.1,2024-12-13 11:35:00,STILL
1,0.4,2024-12-13 11:40:00,STILL
1,6.6,2024-12-13 11:45:00,RUNNING
2,0.4,2024-12-13 11:50:00,STILL
1,0.6,2024-12-13 11:55:00,STILL
2,5.3,2024-12-13 12:00:00,RUNNING
2,4.9,2024-12-13 12:05:00,RUNNING
2,27.3,2024-12-13 12:10:00,IN_VEHICLE
1,1.3,2024-12-13 12:15:00,STILL
2,1.5,2024-12-13 12:20:00,WALKING
2,19.6,2024-12-13 12:25:00,IN_VEHICLE
2,15.7,2024-12-13 12:30:00,IN_VEHICLE
1,9.3,2024-12-13 12:35:00,RUNNING
2,17.2,2024-12-13 12:40:00,IN_VEHICLE
1,0.2,2024-12-13 12:45:00,4TILL
1,8.9,2024-12-13 12:50:00,RUNNING
2,9.8,2024-12-13 12:55:00,RUNNING
1,9.4,2024-12-13 13:00:00,RUNNING
2,15.6,2024-12-13 13:05:00,IN_VEHICLE
1,0.8,2024-12-13 13:10:00,STILL
1,0.4,2024-12-13 13:15:00,STILL
2,0.2,2024-12-13 13:20:00,STILL
2,0.2,2024-12-13 13:25:00,STILL
2,13.9,2024-12-13 13:30:00,STILL
2,6.5,2024-12-13 13:35:00,RUNNING
2,7.2,2024-12-13 13:40:00,RUNNING
1,0.1,2024-12-13 13:45:00,STILL
1,3.1,2024-12-13 13:50:00,WALKING
2,6.0,2024-12-13 13:55:00,RUNNING
1,2.0,2024-12-13 14:00:00,WALKING
1,1.9,2024-12-13 14:05:00,STILL
1,0.4,2024-12-13 10:00:00,STILL
2,0.0,2024-12-13 10:05:00,STILL
1,16.4,2024-12-13 10:10:00,IN_VEHICLE
2,11.4,2024-12-13 10:15:00,IN_VEHICLE
1,2.6,2024-12-13 10:20:00,WALKING
1,0.1,2024-12-13 10:25:00,STILL
1,0.1,2024-12-13 10:30:00,STILL
2,0.3,2024-12-13 10:35:00,STILL
2,24.3,2024-12-13 10:40:00,IN_VEHICLE
1,18.9,2024-12-13 10:45:00,IN_VEHICLE
1,1.7,2024-12-13 10:50:00,WALKING
1,1.5,2024-12-13 10:55:00,WALKING
1,0.4,2024-12-13 11:00:00,STILL
1,1.2,2024-12-13 11:05:00,WALKING
2,2.7,2024-12-13 11:10:00,WALKING
2,0.0,2024-12-13 11:15:00,STILL
1,0.3,2024-12-13 11:20:00,STILL
1,0.1,2024-12-13 11:25:00,STILL
2,0.1,2024-12-13 11:30:00,STILL
2,3.2,2024-12-13 11:35:00,WALKING
2,0.1,2024-12-13 11:40:00,STILL
2,3.1,2024-12-13 11:45:00,WALKING
2,0.3,2024-12-13 11:50:00,STILL
2,8.3,2024-12-13 11:55:00,RUNNING
1,4.5,2024-12-13 12:00:00,RUNNING
1,1.3,2024-12-13 12:05:00,WALKING
2,0.0,2024-12-13 12:10:00,STILL
2,6.1,2024-12-13 12:15:00,RUNNING
1,8.6,2024-12-13 12:20:00,RUNNING
2,0.4,2024-12-13 12:25:00,STILL
2,28.3,2024-12-13 12:30:00,STILL
1,4.7,2024-12-13 12:35:00,RUNNING
2,7.9,2024-12-13 12:40:00,RUNNING
1,18.7,2024-12-13 12:45:00,IN_VEHICLE
1,8.3,2024-12-13 12:50:00,RUNNING
1,0.4,2024-12-13 12:55:00,STILL
1,0.1,2024-12-13 13:00:00,STILL
1,5.4,2024-12-13 13:05:00,RUNNING
2,0.2,2024-12-13 13:10:00,STILL
1,4.0,2024-12-13 13:15:00,WALKING
2,0.8,2024-12-13 13:20:00,STILL
1,4.8,2024-12-13 13:25:00,RUNNING
1,0.3,2024-12-13 13:30:00,STILL
1,8.1,2024-12-13 13:35:00,WALKING
1,6.4,2024-12-13 13:40:00,WALKING
2,7.7,2024-12-13 13:45:00,WALKING
1,9.0,2024-12-13 13:50:00,WALKING
2,6.5,2024-12-13 13:55:00,RUNNING
2,23.6,2024-12-13 14:00:00,IN_VEHICLE
2,19.0,2024-12-13 14:05:00,IN_VEHICLE
1,1.4,2024-12-13 10:00:00,STILL
1,3.7,2024-12-13 10:05:00,WALKING
2,29.9,2024-12-13 10:10:00,IN_VEHICLE
2,1.6,2024-12-13 10:15:00,WALKING
1,0.1,2024-12-13 10:20:00,STILL
2,24.2,2024-12-13 10:25:00,IN_VEHICLE
2,2.6,2024-12-13 10:30:00,WALKING
1,9.9,2024-12-13 10:35:00,RUNNING
2,8.4,2024-12-13 10:40:00,RUNNING
1,0.2,2024-12-13 10:45:00,STILL
1,0.3,2024-12-13 10:50:00,STILL
2,2.7,2024-12-13 10:55:00,WALKING
1,0.2,2024-12-13 11:00:00,STILL
1,2.0,2024-12-13 11:05:00,WALKING
1,2.6,2024-12-13 11:10:00,WALKING
1,0.3,2024-12-13 11:15:00,STILL
1,0.1,2024-12-13 11:20:00,STILL
2,6.0,2024-12-13 11:25:00,RUNNING
1,9.6,2024-12-13 11:30:00,RUNNING
2,0.3,2024-12-13 11:35:00,STILL
2,0.2,2024-12-13 11:40:00,STILL
1,12.5,2024-12-13 11:45:00,IN_VEHICLE
1,13.2,2024-12-13 11:50:00,IN_VEHICLE
2,3.8,2024-12-13 11:55:00,WALKING
1,3.9,2024-12-13 12:00:00,WALKING
1,4.1,2024-12-13 12:05:00,RUNNING
2,4.3,2024-12-13 12:10:00,RUNNING
2,7.6,2024-12-13 12:15:00,RUNNING
1,1.1,2024-12-13 12:20:00,STILL
2,0.4,2024-12-13 12:25:00,STILL
2,0.1,2024-12-13 12:30:00,STILL
1,3.5,2024-12-13 12:35:00,WALKING
2,3.6,2024-12-13 12:40:00,WALKING
1,0.5,2024-12-13 12:45:00,STILL
1,10.3,2024-12-13 12:50:00,IN_VEHICLE
2,13.0,2024-12-13 12:55:00,IN_VEHICLE
1,0.9,2024-12-13 13:00:00,STILL
2,3.9,2024-12-13 13:05:00,WALKING
2,14.3,2024-12-13 13:10:00,IN_VEHICLE
1,21.2,2024-12-13 13:15:00,IN_VEHICLE
2,15.0,2024-12-13 13:20:00,IN_VEHICLE
1,0.4,2024-12-13 13:25:00,STILL
1,18.4,2024-12-13 13:30:00,IN_VEHICLE
2,0.4,2024-12-13 13:35:00,STILL
2,8.8,2024-12-13 13:40:00,RUNNING
1,4.9,2024-12-13 13:45:00,RUNNING
1,3.3,2024-12-13 13:50:00,WALKING
2,0.4,2024-12-13 13:55:00,STILL
1,1.5,2024-12-13 14:00:00,WALKING
1,0.1,2024-12-13 14:05:00,STILL
1,8.9,2024-12-13 10:00:00,RUNNING
2,4.4,2024-12-13 10:05:00,RUNNING
2,3.5,2024-12-13 10:10:00,WALKING
2,3.5,2024-12-13 10:15:00,WALKING
1,1.6,2024-12-13 10:20:00,WALKING
2,0.8,2024-12-13 10:25:00,STILL
2,9.4,2024-12-13 10:30:00,RUNNING
1,27.3,2024-12-13 10:35:00,IN_VEHICLE
1,5.9,2024-12-13 10:40:00,RUNNING
1,9.3,2024-12-13 10:45:00,RUNNING
1,11.0,2024-12-13 10:50:00,IN_VEHICLE
1,0.5,2024-12-13 10:55:00,STILL
1,3.0,2024-12-13 11:00:00,WALKING
1,0.4,2024-12-13 11:05:00,STILL
2,20.6,2024-12-13 11:10:00,IN_VEHICLE
2,3.8,2024-12-13 11:15:00,WALKING
2,9.8,2024-12-13 11:20:00,RUNNING
1,2.9,2024-12-13 11:25:00,WALKING
2,7.4,2024-12-13 11:30:00,RUNNING
1,2.1,2024-12-13 11:35:00,WALKING
1,4.7,2024-12-13 11:40:00,RUNNING
1,0.1,2024-12-13 11:45:00,STILL
1,3.0,2024-12-13 11:50:00,WALKING
1,8.7,2024-12-13 11:55:00,RUNNING
1,0.4,2024-12-13 12:00:00,STILL
1,0.1,2024-12-13 12:05:00,STILL
2,5.7,2024-12-13 12:10:00,WALKING
2,3.9,2024-12-13 12:15:00,WALKING
2,3.9,2024-12-13 12:20:00,WALKING
2,0.2,2024-12-13 12:25:00,STILL
2,2.0,2024-12-13 12:30:00,WALKING
1,7.7,2024-12-13 12:35:00,RUNNING
1,22.4,2024-12-13 12:40:00,IN_VEHICLE
1,0.3,2024-12-13 12:45:00,STILL
1,8.1,2024-12-13 12:50:00,RUNNING
1,7.5,2024-12-13 12:55:00,RUNNING
1,3.3,2024-12-13 13:00:00,WALKING
1,3.9,2024-12-13 13:05:00,WALKING
1,8.3,2024-12-13 13:10:00,WALKING
1,23.7,2024-12-13 13:15:00,IN_VEHICLE
2,14.9,2024-12-13 13:20:00,IN_VEHICLE
2,7.1,2024-12-13 13:25:00,WALKING
2,9.6,2024-12-13 13:30:00,WALKING
1,3.8,2024-12-13 13:35:00,WALKING
2,3.2,2024-12-13 13:40:00,WALKING
1,0.2,2024-12-13 13:45:00,STILL
1,1.0,2024-12-13 13:50:00,WALKING
1,6.8,2024-12-13 13:55:00,WALKING
2,10.9,2024-12-13 14:00:00,IN_VEHICLE
2,3.6,2024-12-13 14:05:00,WALKING
1690,12.7,2024-01-14 11:37:00,IN_VEHICLE
1213,3.3,2024-01-08 05:51:00,IN_VEHICLE
1309,4.6,2024-01-13 20:40:00,RUNNING
1956,8.2,2024-01-16 12:18:00,RUNNING
1348,7.2,2024-01-03 23:52:00,RUNNING
1528,4.0,2024-01-14 12:50:00,RUNNING
1427,14.9,2024-01-16 22:22:00,IN_VEHICLE
1028,12.2,2024-01-12 03:34:00,IN_VEHICLE
1590,7.1,2024-01-14 15:31:00,RUNNING
1644,1.4,2024-01-27 09:16:00,RUNNING
1003,11.1,2024-01-26 13:37:00,IN_VEHICLE
1931,3.8,2024-01-25 00:22:00,IN_VEHICLE
1041,7.0,2024-01-14 16:06:00,RUNNING
1568,14.5,2024-01-06 17:51:00,IN_VEHICLE
1141,6.0,2024-01-09 23:16:00,RUNNING
1708,6.7,2024-01-11 13:36:00,RUNNING
1731,2.1,2024-01-26 02:07:00,RUNNING
1069,7.8,2024-01-13 15:13:00,RUNNING
1128,9.1,2024-01-09 03:29:00,RUNNING
1387,10.9,2024-01-28 03:10:00,IN_VEHICLE
1418,8.5,2024-01-21 17:08:00,RUNNING
1805,10.6,2024-01-28 20:38:00,IN_VEHICLE
1908,12.7,2024-01-03 23:03:00,IN_VEHICLE
1906,9.4,2024-01-25 07:36:00,RUNNING
1054,2.2,2024-01-06 03:40:00,WALKINIG
1071,14.0,2024-01-10 20:29:00,IN_VEHICLE
1753,11.8,2024-01-27 03:38:00,IN_VEHICLE
1814,1.7,2024-01-22 08:38:00,WALKINIG
1204,2.9,2024-01-24 14:33:00,WALKINIG
1625,2.7,2024-01-30 21:58:00,WALKINIG
1461,1.4,2024-01-29 03:52:00,RUNNING
1061,4.5,2024-01-21 08:44:00,RUNNING
1607,20.2,2024-01-18 23:23:00,IN_VEHICLE
1709,8.4,2024-01-07 22:59:00,RUNNING
1911,6.4,2024-01-16 00:18:00,RUNNING
1515,1.2,2024-01-19 09:07:00,WALKINIG
1076,6.3,2024-01-20 11:32:00,RUNNING
1771,3.7,2024-01-26 11:43:00,IN_VEHICLE
1327,7.5,2024-01-04 09:33:00,RUNNING
1503,5.3,2024-01-09 03:23:00,RUNNING
1069,7.6,2024-01-05 08:45:00,RUNNING
1799,11.9,2024-01-24 10:03:00,IN_VEHICLE
1769,4.5,2024-01-19 08:37:00,RUNNING
1323,30.4,2024-01-10 17:38:00,IN_VEHICLE
1860,10.3,2024-01-19 01:29:00,IN_VEHICLE
1242,7.6,2024-01-27 22:54:00,RUNNING
1644,11.5,2024-01-18 23:36:00,IN_VEHICLE
1637,10.3,2024-01-06 20:26:00,IN_VEHICLE
1702,8.8,2024-01-27 18:08:00,RUNNING
1147,4.5,2024-01-08 04:07:00,RUNNING
1557,14.6,2024-01-10 03:31:00,IN_VEHICLE
1146,10.2,2024-01-28 18:32:00,IN_VEHICLE
1634,8.3,2024-01-01 23:44:00,RUNNING
1557,4.6,2024-01-26 17:45:00,RUNNING
2000,11.2,2024-01-11 03:51:00,IN_VEHICLE
1934,5.4,2024-01-25 15:52:00,RUNNING
1998,9.5,2024-01-17 01:32:00,RUNNING
1844,10.5,2024-01-22 14:35:00,IN_VEHICLE
1224,6.8,2024-01-16 04:19:00,RUNNING
1432,6.7,2024-01-07 09:50:00,RUNNING
1237,6.6,2024-01-09 04:58:00,RUNNING
1032,7.4,2024-01-22 09:59:00,RUNNING
1800,13.1,2024-01-27 15:38:00,IN_VEHICLE
1224,4.5,2024-01-10 02:01:00,RUNNING
1178,7.2,2024-01-03 16:02:00,WALKING
1414,1.0,2024-01-24 07:10:00,WALKINIG
1971,9.0,2024-01-10 18:11:00,WALKING
1181,4.5,2024-01-10 20:58:00,WALKING
1971,2.9,2024-01-26 15:57:00,WALKINIG
1195,8.8,2024-01-03 21:19:00,WALKING
1660,13.8,2024-01-31 02:39:00,IN_VEHICLE
1928,6.9,2024-01-29 00:05:00,WALKING
1548,6.8,2024-01-27 04:13:00,RUNNING
1782,4.7,2024-01-04 04:10:00,RUNNING
1466,6.1,2024-01-28 16:51:00,RUNNING
1876,5.6,2024-01-29 19:19:00,RUNNING
1664,14.0,2024-01-18 19:29:00,IN_VEHICLE
1176,10.4,2024-01-02 23:21:00,IN_VEHICLE
1122,9.0,2024-01-07 19:19:00,WALKING
1576,1.1,2024-01-13 00:47:00,WALKING
1438,11.9,2024-01-13 19:29:00,IN_VEHICLE
1358,10.9,2024-01-09 09:27:00,IN_VEHICLE
1515,12.6,2024-01-21 20:25:00,IN_VEHICLE
1239,9.0,2024-01-17 11:05:00,WALKING
1232,20.8,2024-01-10 23:01:00,IN_VEHICLE
1911,10.7,2024-01-08 20:12:00,IN_VEHICLE
1527,6.6,2024-01-30 07:08:00,RUNNING
1890,2.8,2024-01-12 00:03:00,WALKINIG
1378,7.5,2024-01-11 20:01:00,RUNNING
1025,13.5,2024-01-24 01:08:00,IN_VEHICLE
1535,10.3,2024-01-27 17:47:00,IN_VEHICLE
1466,14.0,2024-01-06 12:26:00,IN_VEHICLE
1334,6.7,2024-01-25 14:38:00,RUNNING
1229,13.1,2024-01-11 19:38:00,IN_VEHICLE
1431,9.1,2024-01-24 00:51:00,RUNNING
1495,9.5,2024-01-15 13:07:00,WALKING
1600,20.3,2024-01-19 20:33:00,IN_VEHICLE
1643,2.2,2024-01-20 20:00:00,WALKINIG
1355,8.6,2024-01-18 23:43:00,WALKING
1642,2.2,2024-01-24 12:30:00,WALKINIG
1085,13.2,2024-01-08 16:03:00,IN_VEHICLE
1321,13.8,2024-01-30 04:37:00,IN_VEHICLE
1025,10.4,2024-01-15 03:15:00,IN_VEHICLE
1627,14.2,2024-01-16 04:14:00,IN_VEHICLE
1367,10.9,2024-01-02 14:23:00,IN_VEHICLE
1364,9.9,2024-01-10 01:26:00,RUNNING
1569,9.7,2024-01-15 18:18:00,RUNNING
1892,7.2,2024-01-24 05:35:00,WALKING
1245,4.3,2024-01-02 01:16:00,RUNNING
1075,10.3,2024-01-08 16:37:00,IN_VEHICLE
1519,13.3,2024-01-23 06:46:00,IN_VEHICLE
1009,9.0,2024-01-20 06:44:00,WALKING
1050,10.9,2024-01-26 21:20:00,IN_VEHICLE
1338,13.9,2024-01-24 02:08:00,IN_VEHICLE
1953,7.5,2024-01-14 04:09:00,RUNNING
1374,7.4,2024-01-10 15:08:00,WALKING
1485,7.8,2024-01-20 11:41:00,RUNNING
1951,4.5,2024-01-24 03:05:00,WALKING
1431,7.3,2024-01-07 19:42:00,RUNNING
1533,10.1,2024-01-18 17:13:00,IN_VEHICLE
1318,14.2,2024-01-13 08:46:00,IN_VEHICLE
1684,13.6,2024-01-12 22:05:00,IN_VEHICLE
1113,6.7,2024-01-12 07:21:00,RUNNING
1430,10.5,2024-01-14 21:10:00,IN_VEHICLE
1286,12.1,2024-01-23 09:22:00,IN_VEHICLE
1300,1.4,2024-01-05 14:59:00,WALKINIG
1117,6.3,2024-01-14 20:52:00,RUNNING
1154,13.0,2024-01-20 04:36:00,IN_VEHICLE
1112,2.8,2024-01-16 15:24:00,RUNNING
1798,7.2,2024-01-27 05:34:00,RUNNING
1712,4.1,2024-01-17 06:37:00,WALKING
1318,14.5,2024-01-11 19:16:00,IN_VEHICLE
1552,7.7,2024-01-07 00:56:00,WALKING
1225,10.5,2024-01-03 01:03:00,IN_VEHICLE
1634,1.3,2024-01-28 01:01:00,WALKINIG
1862,12.0,2024-01-19 22:52:00,IN_VEHICLE
1658,5.1,2024-01-05 01:27:00,WALKING
1964,2.6,2024-01-20 08:30:00,WALKINIG
1418,14.6,2024-01-25 20:09:00,IN_VEHICLE
1048,10.3,2024-01-30 12:26:00,IN_VEHICLE
1668,11.2,2024-01-31 01:39:00,IN_VEHICLE
1346,8.8,2024-01-23 03:51:00,RUNNING
1471,1.2,2024-01-14 15:00:00,WALKINIG
1909,10.3,2024-01-04 09:01:00,IN_VEHICLE
1000,12.5,2024-01-02 08:36:00,IN_VEHICLE
1725,2.4,2024-01-18 13:54:00,WALKINIG
1411,6.5,2024-01-13 14:08:00,RUNNING
1816,4.4,2024-01-31 05:12:00,RUNNING
1127,6.5,2024-01-12 12:14:00,RUNNING
1931,4.7,2024-01-11 03:31:00,WALKING
1895,7.7,2024-01-29 07:14:00,WALKING
1797,9.0,2024-01-29 22:46:00,WALKING
1874,8.5,2024-01-29 09:58:00,WALKING
1001,6.5,2024-01-14 02:46:00,WALKING
1139,8.0,2024-01-04 01:08:00,RUNNING
1268,8.1,2024-01-24 17:56:00,RUNNING
1530,4.7,2024-01-06 06:04:00,RUNNING
1039,5.0,2024-01-08 04:56:00,RUNNING
1287,1.1,2024-01-04 20:59:00,WALKINIG
1388,3.3,2024-01-08 05:46:00,IN_VEHICLE
1925,5.6,2024-01-10 23:30:00,RUNNING
1445,1.1,2024-01-21 09:55:00,WALKINIG
1348,4.3,2024-01-14 07:25:00,RUNNING
1313,12.1,2024-01-30 23:46:00,IN_VEHICLE
1655,7.2,2024-01-05 07:29:00,RUNNING
1100,14.3,2024-01-07 20:07:00,IN_VEHICLE
1367,2.1,2024-01-16 03:00:00,RUNNING
1648,7.2,2024-01-27 05:39:00,WALKING
1369,10.7,2024-01-06 06:56:00,IN_VEHICLE
1236,12.3,2024-01-05 20:18:00,IN_VEHICLE
1700,11.8,2024-01-27 05:02:00,IN_VEHICLE
1784,13.7,2024-01-04 15:10:00,IN_VEHICLE
1303,13.1,2024-01-17 23:20:00,IN_VEHICLE
1235,2.8,2024-01-28 22:07:00,WALKINIG
1055,10.6,2024-01-10 03:31:00,IN_VEHICLE
1276,23.2,2024-01-17 07:15:00,IN_VEHICLE
1585,4.2,2024-01-03 03:06:00,WALKING
1994,10.2,2024-01-11 15:12:00,IN_VEHICLE
1696,4.1,2024-01-30 10:19:00,WALKING
1712,5.1,2024-01-09 03:01:00,RUNNING
1645,12.9,2024-01-26 21:12:00,IN_VEHICLE
1869,1.6,2024-01-17 23:52:00,WALKINIG
1116,9.8,2024-01-16 17:31:00,RUNNING
1564,6.3,2024-01-14 08:37:00,RUNNING
1830,5.2,2024-01-28 11:07:00,RUNNING
1097,9.8,2024-01-09 06:21:00,IN_VEHICLE
1502,12.5,2024-01-05 11:37:00,IN_VEHICLE
1465,11.9,2024-01-02 01:05:00,IN_VEHICLE
1233,1.1,2024-01-27 10:05:00,WALKINIG
1099,10.0,2024-01-15 23:02:00,RUNNING
1431,2.6,2024-01-30 13:26:00,WALKINIG
1905,12.9,2024-01-19 22:21:00,IN_VEHICLE
1418,14.7,2024-01-17 07:58:00,IN_VEHICLE
1042,1.8,2024-01-24 02:38:00,RUNNING
1280,5.2,2024-01-05 16:39:00,RUNNING
1525,8.0,2024-01-30 01:45:00,RUNNING
1931,5.7,2024-01-10 08:13:00,RUNNING
1548,5.0,2024-01-27 19:09:00,WALKING
1661,1.5,2024-01-05 15:35:00,WALKINIG
1967,9.3,2024-01-26 20:23:00,WALKING
1467,8.3,2024-01-04 21:17:00,IN_VEHICLE
1543,7.9,2024-01-14 20:11:00,RUNNING
1493,8.0,2024-01-30 19:25:00,RUNNING
1072,14.3,2024-01-29 23:40:00,IN_VEHICLE
1260,8.8,2024-01-15 23:17:00,WALKING
1960,10.6,2024-01-13 19:46:00,IN_VEHICLE
1731,2.4,2024-01-27 15:48:00,WALKINIG
1432,15.0,2024-01-20 06:20:00,IN_VEHICLE
1838,10.3,2024-01-06 11:05:00,IN_VEHICLE
1755,1.7,2024-01-29 14:21:00,WALKINIG
1410,11.3,2024-01-19 14:08:00,IN_VEHICLE
1550,9.1,2024-01-02 14:17:00,IN_VEHICLE
1310,4.0,2024-01-18 09:32:00,WALKING
1615,13.5,2024-01-25 20:26:00,IN_VEHICLE
1010,12.9,2024-01-07 23:48:00,IN_VEHICLE
1921,9.8,2024-01-10 05:19:00,RUNNING
1579,2.7,2024-01-07 18:22:00,WALKINIG
1983,8.9,2024-01-12 11:27:00,RUNNING
1521,9.4,2024-01-02 10:56:00,IN_VEHICLE
1436,10.2,2024-01-22 12:33:00,IN_VEHICLE
1203,10.8,2024-01-12 08:22:00,IN_VEHICLE
1837,10.6,2024-01-09 10:08:00,IN_VEHICLE
1688,5.9,2024-01-08 21:36:00,RUNNING
1598,8.7,2024-01-29 03:41:00,RUNNING
1117,14.2,2024-01-24 21:12:00,IN_VEHICLE
1091,2.8,2024-01-21 20:49:00,RUNNING
1938,5.2,2024-01-19 10:14:00,RUNNING
1990,4.2,2024-01-10 17:07:00,RUNNING
1088,1.4,2024-01-16 03:42:00,WALKINIG
1671,5.7,2024-01-20 08:37:00,RUNNING
1589,12.8,2024-01-12 04:43:00,IN_VEHICLE
1900,1.4,2024-01-13 20:04:00,WALKINIG
1389,14.3,2024-01-01 23:37:00,IN_VEHICLE
1113,6.5,2024-01-03 12:26:00,RUNNING
1592,14.7,2024-01-24 15:41:00,IN_VEHICLE
1157,13.9,2024-01-08 13:20:00,IN_VEHICLE
1573,2.3,2024-01-03 18:17:00,WALKINIG
1063,5.7,2024-01-25 22:25:00,RUNNING
1199,13.0,2024-01-07 20:48:00,IN_VEHICLE
1501,9.5,2024-01-25 21:01:00,RUNNING
1810,9.3,2024-01-20 19:07:00,RUNNING
1037,8.9,2024-01-16 22:01:00,RUNNING
1291,13.1,2024-01-19 13:16:00,IN_VEHICLE
1062,6.5,2024-01-12 19:30:00,RUNNING
1763,3.8,2024-01-13 20:31:00,IN_VEHICLE
1593,9.4,2024-01-02 20:44:00,RUNNING
1397,9.5,2024-01-07 18:26:00,RUNNING
1477,2.6,2024-01-25 05:50:00,RUNNING
1587,9.3,2024-01-22 08:10:00,IN_VEHICLE
1474,12.1,2024-01-04 03:20:00,IN_VEHICLE
1117,2.6,2024-01-01 08:48:00,WALKINIG
1966,6.4,2024-01-17 21:59:00,RUNNING
1995,8.2,2024-01-15 01:59:00,RUNNING
1469,14.1,2024-01-18 22:40:00,IN_VEHICLE
1350,6.6,2024-01-06 15:11:00,RUNNING
1138,11.2,2024-01-06 13:18:00,IN_VEHICLE
1789,9.2,2024-01-08 05:43:00,IN_VEHICLE
1328,10.9,2024-01-05 23:30:00,IN_VEHICLE
1887,7.4,2024-01-16 22:46:00,RUNNING
1177,10.1,2024-01-12 06:46:00,IN_VEHICLE
1406,7.9,2024-01-03 17:23:00,RUNNING
1181,7.4,2024-01-10 04:35:00,RUNNING
1095,13.6,2024-01-10 03:50:00,IN_VEHICLE
1421,13.6,2024-01-23 14:36:00,IN_VEHICLE
1527,13.8,2024-01-12 09:31:00,IN_VEHICLE
1028,8.8,2024-01-30 17:10:00,RUNNING
1100,5.7,2024-01-28 11:41:00,RUNNING
1678,2.1,2024-01-03 16:51:00,RUNNING
1410,12.0,2024-01-05 19:17:00,IN_VEHICLE
1123,11.5,2024-01-19 15:51:00,IN_VEHICLE
1560,9.7,2024-01-17 07:17:00,RUNNING
1133,10.6,2024-01-29 15:19:00,IN_VEHICLE
1945,15.0,2024-01-23 04:08:00,IN_VEHICLE
1693,9.6,2024-01-07 00:02:00,IN_VEHICLE
1901,8.4,2024-01-08 17:55:00,RUNNING
1303,8.3,2024-01-30 13:03:00,RUNNING
1298,9.6,2024-01-29 18:15:00,IN_VEHICLE
1706,10.1,2024-01-07 12:26:00,IN_VEHICLE
1158,3.0,2024-01-31 00:26:00,RUNNING
1896,9.4,2024-01-22 09:49:00,RUNNING
1117,1.3,2024-01-29 14:19:00,WALKINIG
1301,5.4,2024-01-22 19:27:00,RUNNING
1833,13.4,2024-01-26 12:46:00,IN_VEHICLE
1018,13.6,2024-01-25 05:58:00,IN_VEHICLE
1250,2.8,2024-01-31 05:08:00,WALKINIG
1087,13.5,2024-01-15 21:44:00,IN_VEHICLE
1814,2.6,2024-01-28 13:30:00,WALKINIG
1003,14.6,2024-01-07 17:06:00,IN_VEHICLE
1851,7.2,2024-01-31 02:13:00,RUNNING
1329,14.3,2024-01-10 01:33:00,IN_VEHICLE
1893,4.4,2024-01-22 18:21:00,RUNNING
1734,8.5,2024-01-26 03:27:00,RUNNING
1336,4.9,2024-01-24 17:47:00,RUNNING
1621,20.6,2024-01-11 08:07:00,IN_VEHICLE
1014,14.7,2024-01-12 12:30:00,IN_VEHICLE
1787,13.6,2024-01-19 10:19:00,IN_VEHICLE
1683,8.8,2024-01-02 10:37:00,RUNNING
1906,12.5,2024-01-08 01:49:00,IN_VEHICLE
1772,4.7,2024-01-07 09:08:00,RUNNING
1468,2.8,2024-01-17 04:46:00,WALKINIG
1118,8.1,2024-01-25 14:44:00,IN_VEHICLE
1296,2.1,2024-01-14 20:13:00,WALKINIG
1345,2.5,2024-01-12 05:31:00,RUNNING
1826,1.6,2024-01-29 07:25:00,WALKINIG
1412,10.8,2024-01-26 16:24:00,IN_VEHICLE
1293,11.1,2024-01-19 00:44:00,IN_VEHICLE
1528,8.4,2024-01-20 17:53:00,RUNNING
1347,5.4,2024-01-05 16:22:00,RUNNING
1187,11.9,2024-01-15 18:30:00,IN_VEHICLE
1898,9.9,2024-01-29 21:40:00,RUNNING
1378,9.6,2024-01-23 17:35:00,IN_VEHICLE
1268,2.9,2024-01-26 16:28:00,WALKINIG
1042,5.2,2024-01-20 16:55:00,RUNNING
1427,4.0,2024-01-07 19:32:00,RUNNING
1764,10.9,2024-01-18 14:40:00,IN_VEHICLE
1584,2.1,2024-01-21 02:32:00,WALKINIG
1008,1.4,2024-01-25 05:34:00,WALKINIG
1675,14.8,2024-01-01 07:23:00,IN_VEHICLE
1733,10.7,2024-01-15 08:05:00,IN_VEHICLE
1224,14.2,2024-01-18 11:46:00,IN_VEHICLE
1912,9.9,2024-01-01 21:22:00,IN_VEHICLE
1843,10.3,2024-01-02 07:29:00,IN_VEHICLE
1532,1.7,2024-01-29 21:01:00,WALKINIG
1431,13.0,2024-01-17 18:15:00,IN_VEHICLE
1646,8.3,2024-01-06 10:24:00,IN_VEHICLE
1269,8.7,2024-01-22 03:39:00,RUNNING
1048,13.0,2024-01-16 03:04:00,IN_VEHICLE
1437,6.1,2024-01-09 02:48:00,RUNNING
1857,11.2,2024-01-24 11:00:00,IN_VEHICLE
1778,9.5,2024-01-01 23:34:00,IN_VEHICLE
1632,13.1,2024-01-08 10:49:00,IN_VEHICLE
1365,5.5,2024-01-15 18:45:00,RUNNING
1607,5.4,2024-01-11 20:24:00,RUNNING
1081,10.8,2024-01-25 02:04:00,IN_VEHICLE
1841,30.1,2024-01-15 07:33:00,IN_VEHICLE
1045,1.5,2024-01-21 18:56:00,WALKINIG
1473,0.0,2024-01-15 17:48:00,STILL
1422,8.4,2024-01-23 17:02:00,RUNNING
1554,8.2,2024-01-06 02:43:00,RUNNING
1074,13.9,2024-01-02 23:23:00,IN_VEHICLE
1443,10.5,2024-01-15 12:38:00,IN_VEHICLE
1906,30.9,2024-01-10 16:21:00,IN_VEHICLE
1470,1.7,2024-01-02 19:50:00,WALKINIG
1550,9.4,2024-01-18 06:19:00,RUNNING
1945,11.8,2024-01-01 07:24:00,IN_VEHICLE
1634,2.2,2024-01-24 07:05:00,WALKINIG
1296,14.3,2024-01-07 05:00:00,IN_VEHICLE
1199,12.0,2024-01-19 09:47:00,IN_VEHICLE
1033,2.4,2024-01-15 23:45:00,WALKINIG
1747,5.0,2024-01-17 14:43:00,RUNNING
1822,4.3,2024-01-03 20:04:00,RUNNING
1067,12.1,2024-01-09 16:46:00,IN_VEHICLE
1237,8.8,2024-01-17 07:01:00,RUNNING
1537,11.9,2024-01-13 22:05:00,IN_VEHICLE
1882,8.1,2024-01-10 20:09:00,RUNNING
1164,6.4,2024-01-19 12:05:00,RUNNING
1746,10.2,2024-01-24 20:24:00,IN_VEHICLE
1950,6.4,2024-01-09 14:34:00,RUNNING
1797,7.5,2024-01-16 06:19:00,RUNNING
1723,1.5,2024-01-20 18:31:00,WALKINIG
1877,13.3,2024-01-19 08:36:00,IN_VEHICLE
1211,13.9,2024-01-05 05:35:00,IN_VEHICLE
1578,14.9,2024-01-07 00:04:00,IN_VEHICLE
1278,5.2,2024-01-15 23:34:00,RUNNING
1969,4.8,2024-01-09 23:22:00,RUNNING
1487,12.8,2024-01-31 01:23:00,IN_VEHICLE
1733,10.6,2024-01-17 21:11:00,IN_VEHICLE
1017,10.9,2024-01-21 10:18:00,IN_VEHICLE
1088,6.0,2024-01-18 06:42:00,RUNNING
1747,5.5,2024-01-17 16:19:00,RUNNING
1986,7.3,2024-01-17 17:50:00,RUNNING
1360,1.8,2024-01-20 22:24:00,WALKINIG
1538,5.3,2024-01-06 00:04:00,RUNNING
1419,12.7,2024-01-27 10:36:00,IN_VEHICLE
1351,15.0,2024-01-26 17:49:00,IN_VEHICLE
1738,7.2,2024-01-10 22:51:00,RUNNING
1499,12.9,2024-01-17 09:27:00,IN_VEHICLE
1431,13.7,2024-01-06 09:07:00,IN_VEHICLE
1530,6.1,2024-01-08 05:54:00,RUNNING
1367,13.9,2024-01-14 18:18:00,IN_VEHICLE
1621,13.9,2024-01-07 14:03:00,IN_VEHICLE
1315,1.8,2024-01-27 07:25:00,WALKINIG
1585,13.0,2024-01-06 10:16:00,IN_VEHICLE
1239,9.1,2024-01-28 12:20:00,RUNNING
1907,11.9,2024-01-27 06:51:00,IN_VEHICLE
1484,13.4,2024-01-22 14:06:00,IN_VEHICLE
1928,2.3,2024-01-22 03:54:00,WALKINIG
1172,11.5,2024-01-03 20:13:00,IN_VEHICLE
1467,13.5,2024-01-29 01:54:00,IN_VEHICLE
1165,23.6,2024-01-26 04:54:00,IN_VEHICLE
1488,3.0,2024-01-29 00:07:00,WALKINIG
1687,8.2,2024-01-09 12:09:00,RUNNING
1756,9.9,2024-01-07 09:53:00,RUNNING
1307,6.2,2024-01-02 21:10:00,RUNNING
1758,13.7,2024-01-07 16:51:00,IN_VEHICLE
1179,5.2,2024-01-02 23:42:00,RUNNING
1982,9.2,2024-01-30 15:31:00,RUNNING
1028,14.4,2024-01-07 15:25:00,IN_VEHICLE
1843,10.5,2024-01-23 12:29:00,IN_VEHICLE
1551,9.6,2024-01-19 02:27:00,RUNNING
1181,13.5,2024-01-26 23:39:00,IN_VEHICLE
1137,1.0,2024-01-11 20:38:00,WALKINIG
1444,13.1,2024-01-30 03:49:00,IN_VEHICLE
1669,2.0,2024-01-11 03:41:00,RUNNING
1713,12.0,2024-01-06 14:12:00,IN_VEHICLE
1606,5.6,2024-01-19 19:55:00,RUNNING
1572,1.4,2024-01-06 07:38:00,RUNNING
1623,12.3,2024-01-12 03:47:00,IN_VEHICLE
1494,11.4,2024-01-10 20:31:00,IN_VEHICLE
1982,2.5,2024-01-03 14:39:00,WALKINIG
1662,14.6,2024-01-23 09:19:00,IN_VEHICLE
1594,6.8,2024-01-08 23:13:00,RUNNING
1757,10.1,2024-01-21 20:35:00,IN_VEHICLE
1227,10.4,2024-01-29 23:51:00,IN_VEHICLE
1927,4.2,2024-01-07 12:23:00,RUNNING
1428,5.7,2024-01-15 23:43:00,RUNNING
1257,6.1,2024-01-02 18:56:00,RUNNING
1749,9.7,2024-01-10 03:53:00,RUNNING
1121,6.9,2024-01-10 06:29:00,RUNNING
1593,12.9,2024-01-29 12:43:00,IN_VEHICLE
1980,4.6,2024-01-10 11:22:00,RUNNING
1725,20.3,2024-01-21 09:59:00,IN_VEHICLE
1056,8.7,2024-01-12 07:57:00,RUNNING
1749,13.4,2024-01-13 04:34:00,IN_VEHICLE
1202,14.1,2024-01-12 18:19:00,IN_VEHICLE
1052,5.9,2024-01-01 08:56:00,RUNNING
1910,10.6,2024-01-03 03:14:00,IN_VEHICLE
1727,6.2,2024-01-05 22:46:00,RUNNING
1516,10.3,2024-01-20 21:19:00,IN_VEHICLE
1962,8.8,2024-01-27 00:04:00,RUNNING
1679,7.7,2024-01-11 17:42:00,RUNNING
1584,14.9,2024-01-03 01:38:00,IN_VEHICLE
1018,2.6,2024-01-15 10:54:00,WALKINIG
1649,5.9,2024-01-05 09:35:00,RUNNING
1329,23.6,2024-01-10 08:11:00,IN_VEHICLE
1019,14.0,2024-01-13 16:03:00,IN_VEHICLE
1772,12.4,2024-01-14 19:05:00,IN_VEHICLE
1637,23.8,2024-01-13 12:06:00,IN_VEHICLE
1487,1.1,2024-01-02 13:22:00,WALKINIG
1272,12.3,2024-01-18 21:14:00,IN_VEHICLE
1696,8.8,2024-01-22 12:20:00,RUNNING
1443,11.1,2024-01-12 16:45:00,IN_VEHICLE
1288,7.6,2024-01-17 13:45:00,RUNNING
1727,10.6,2024-01-11 09:57:00,IN_VEHICLE
1168,5.2,2024-01-19 12:00:00,RUNNING
1824,12.1,2024-01-23 22:05:00,IN_VEHICLE
1362,13.7,2024-01-12 22:59:00,IN_VEHICLE
1524,10.9,2024-01-30 18:35:00,IN_VEHICLE
1021,7.1,2024-01-06 06:55:00,RUNNING
1435,10.2,2024-01-09 03:16:00,IN_VEHICLE
1603,7.0,2024-01-11 02:07:00,RUNNING
1073,14.4,2024-01-08 12:11:00,IN_VEHICLE
1169,10.1,2024-01-22 12:12:00,IN_VEHICLE
1681,13.0,2024-01-07 01:18:00,IN_VEHICLE
1633,14.4,2024-01-10 14:55:00,IN_VEHICLE
1169,13.0,2024-01-17 14:39:00,IN_VEHICLE
1888,12.0,2024-01-19 06:30:00,IN_VEHICLE
1150,14.1,2024-01-04 13:55:00,IN_VEHICLE
1629,11.7,2024-01-04 00:10:00,IN_VEHICLE
1214,6.7,2024-01-16 23:45:00,RUNNING
1753,7.7,2024-01-02 20:47:00,RUNNING
1811,11.1,2024-01-29 10:01:00,IN_VEHICLE
1543,10.2,2024-01-13 19:23:00,IN_VEHICLE
1947,8.8,2024-01-20 11:02:00,RUNNING
1339,6.2,2024-01-06 04:59:00,RUNNING
1888,4.7,2024-01-16 15:34:00,RUNNING
1504,14.4,2024-01-26 11:23:00,IN_VEHICLE
1799,2.3,2024-01-14 18:57:00,WALKINIG
1441,7.2,2024-01-18 17:33:00,RUNNING
1683,6.9,2024-01-14 01:42:00,RUNNING
1776,1.8,2024-01-15 14:36:00,WALKINIG
1474,7.9,2024-01-31 04:25:00,RUNNING
1462,1.4,2024-01-20 02:06:00,WALKINIG
1410,9.8,2024-01-10 05:53:00,RUNNING
1276,13.7,2024-01-13 15:46:00,IN_VEHICLE
1288,11.9,2024-01-03 13:08:00,IN_VEHICLE
1680,7.1,2024-01-26 23:04:00,RUNNING
1374,5.0,2024-01-04 21:17:00,RUNNING
1112,9.3,2024-01-24 15:51:00,RUNNING
1031,5.2,2024-01-18 01:51:00,RUNNING
1141,8.8,2024-01-12 08:27:00,RUNNING
1164,13.6,2024-01-11 02:32:00,IN_VEHICLE
1050,2.2,2024-01-11 18:28:00,WALKINIG
1757,1.3,2024-01-23 07:23:00,WALKINIG
1273,10.2,2024-01-17 16:40:00,IN_VEHICLE
1094,6.9,2024-01-28 06:04:00,RUNNING
1596,14.7,2024-01-09 20:08:00,IN_VEHICLE
1628,10.9,2024-01-04 03:36:00,IN_VEHICLE
1062,6.4,2024-01-25 02:03:00,RUNNING
1158,13.3,2024-01-02 10:42:00,IN_VEHICLE
1477,10.2,2024-01-11 00:36:00,IN_VEHICLE
1614,1.3,2024-01-15 22:58:00,WALKINIG
1549,4.8,2024-01-09 10:14:00,RUNNING
1882,6.0,2024-01-19 08:32:00,RUNNING
1742,6.9,2024-01-29 00:05:00,RUNNING
1383,10.8,2024-01-02 08:52:00,IN_VEHICLE
1444,5.2,2024-01-18 23:40:00,RUNNING
1007,20.6,2024-01-05 03:47:00,IN_VEHICLE
1352,10.3,2024-01-18 13:21:00,IN_VEHICLE
1,42.2,2024-02-06 06:00:00,IN_VEHICLE
1,28.2,2024-02-06 06:07:00,IN_VEHICLE
1,32.9,2024-02-06 06:16:00,IN_VEHICLE
1,28.8,2024-02-06 06:24:00,IN_VEHICLE
1,22.4,2024-02-06 06:33:00,IN_VEHICLE
1,31.0,2024-02-06 06:43:00,IN_VEHICLE
1,29.3,2024-02-06 06:51:00,IN_VEHICLE
1,23.1,2024-02-06 06:56:00,IN_VEHICLE
1,38.7,2024-02-06 07:03:00,IN_VEHICLE
1,30.4,2024-02-06 07:06:00,IN_VEHICLE
1,32.3,2024-02-06 07:11:00,IN_VEHICLE
1,43.5,2024-02-06 07:16:00,IN_VEHICLE
1,27.9,2024-02-06 07:20:00,IN_VEHICLE
1,31.7,2024-02-06 07:24:00,IN_VEHICLE
1,24.1,2024-02-06 07:30:00,IN_VEHICLE
1,27.6,2024-02-06 07:39:00,IN_VEHICLE
1,43.3,2024-02-06 07:48:00,IN_VEHICLE
1,29.7,2024-02-06 07:52:00,IN_VEHICLE
1,45.5,2024-02-06 08:01:00,IN_VEHICLE
1,22.9,2024-02-06 08:07:00,IN_VEHICLE
1,38.4,2024-02-06 08:14:00,IN_VEHICLE
1,32.5,2024-02-06 08:20:00,IN_VEHICLE
1,28.6,2024-02-06 08:30:00,IN_VEHICLE
1,48.6,2024-02-06 08:39:00,IN_VEHICLE
1,42.1,2024-02-06 08:43:00,IN_VEHICLE
1,29.5,2024-02-06 08:50:00,IN_VEHICLE
1,44.2,2024-02-06 08:58:00,IN_VEHICLE
1,29.1,2024-02-06 09:03:00,IN_VEHICLE
1,22.0,2024-02-06 09:08:00,IN_VEHICLE
1,38.0,2024-02-06 09:11:00,IN_VEHICLE
1,23.9,2024-02-06 09:21:00,IN_VEHICLE
1,33.5,2024-02-06 09:25:00,IN_VEHICLE
1,21.5,2024-02-06 09:29:00,IN_VEHICLE
1,39.5,2024-02-06 09:34:00,IN_VEHICLE
1,29.6,2024-02-06 09:42:00,IN_VEHICLE
1,21.0,2024-02-06 09:49:00,IN_VEHICLE
1,23.0,2024-02-06 09:55:00,IN_VEHICLE
1,48.4,2024-02-06 10:01:00,IN_VEHICLE
1,40.9,2024-02-06 10:09:00,IN_VEHICLE
1,35.5,2024-02-06 10:14:00,IN_VEHICLE
1,26.8,2024-02-06 10:18:00,IN_VEHICLE
1,27.4,2024-02-06 10:25:00,IN_VEHICLE
1,33.8,2024-02-06 10:35:00,IN_VEHICLE
1,36.6,2024-02-06 10:38:00,IN_VEHICLE
1,40.7,2024-02-06 10:41:00,IN_VEHICLE
1,28.1,2024-02-06 10:49:00,IN_VEHICLE
1,47.2,2024-02-06 10:55:00,IN_VEHICLE
1,48.6,2024-02-06 10:58:00,IN_VEHICLE
1,38.1,2024-02-06 11:04:00,IN_VEHICLE
1,42.7,2024-02-06 11:08:00,IN_VEHICLE
1,4.2,2024-02-06 11:18:00,WALKING
1,5.4,2024-02-06 11:23:00,WALKING
1,5.8,2024-02-06 11:32:00,WALKING
1,5.3,2024-02-06 11:39:00,WALKING
1,5.1,2024-02-06 11:43:00,WALKING
1,5.5,2024-02-06 11:49:00,WALKING
1,4.4,2024-02-06 11:53:00,WALKING
1,5.7,2024-02-06 12:02:00,WALKING
1,5.2,2024-02-06 12:07:00,WALKING
1,5.8,2024-02-06 12:15:00,WALKING
1,4.8,2024-02-06 12:22:00,WALKING
1,5.8,2024-02-06 12:29:00,WALKING
1,5.2,2024-02-06 12:33:00,WALKING
1,5.7,2024-02-06 12:40:00,WALKING
1,3.3,2024-02-06 12:49:00,WALKING
1,5.7,2024-02-06 12:56:00,WALKING
1,4.3,2024-02-06 12:59:00,WALKING
1,3.4,2024-02-06 13:02:00,WALKING
1,4.9,2024-02-06 13:09:00,WALKING
1,4.7,2024-02-06 13:13:00,WALKING
1,4.7,2024-02-06 13:16:00,WALKING
1,3.2,2024-02-06 13:24:00,WALKING
1,4.1,2024-02-06 13:29:00,WALKING
1,3.9,2024-02-06 13:37:00,WALKING
1,4.8,2024-02-06 13:43:00,WALKING
1,3.6,2024-02-06 13:50:00,WALKING
1,5.5,2024-02-06 13:54:00,WALKING
1,3.7,2024-02-06 14:01:00,WALKING
1,5.2,2024-02-06 14:06:00,WALKING
1,5.5,2024-02-06 14:13:00,WALKING
1,5.8,2024-02-06 14:16:00,WALKING
1,4.3,2024-02-06 14:20:00,WALKING
1,4.5,2024-02-06 14:27:00,WALKING
1,4.6,2024-02-06 14:36:00,WALKING
1,3.2,2024-02-06 14:39:00,WALKING
1,4.3,2024-02-06 14:48:00,WALKING
1,3.9,2024-02-06 14:53:00,WALKING
1,5.9,2024-02-06 14:58:00,WALKING
1,3.4,2024-02-06 15:02:00,WALKING
1,4.6,2024-02-06 15:12:00,WALKING
1,4.2,2024-02-06 15:22:00,WALKING
1,3.8,2024-02-06 15:30:00,WALKING
1,3.8,2024-02-06 15:36:00,WALKING
1,5.8,2024-02-06 15:41:00,WALKING
1,3.8,2024-02-06 15:50:00,WALKING
1,5.1,2024-02-06 15:57:00,WALKING
1,4.7,2024-02-06 16:04:00,WALKING
1,5.6,2024-02-06 16:10:00,WALKING
1,5.8,2024-02-06 16:20:00,WALKING
1,4.7,2024-02-06 16:26:00,WALKING
1,5.8,2024-02-06 16:35:00,WALKING
1,4.9,2024-02-06 16:42:00,WALKING
1,3.8,2024-02-06 16:49:00,WALKING
1,4.7,2024-02-06 16:54:00,WALKING
1,4.3,2024-02-06 17:02:00,WALKING
1,5.8,2024-02-06 17:10:00,WALKING
1,3.3,2024-02-06 17:17:00,WALKING
1,3.9,2024-02-06 17:26:00,WALKING
1,5.3,2024-02-06 17:31:00,WALKING
1,3.1,2024-02-06 17:35:00,WALKING
1,4.0,2024-02-06 17:45:00,WALKING
1,5.0,2024-02-06 17:50:00,WALKING
1,5.4,2024-02-06 17:55:00,WALKING
1,5.0,2024-02-06 18:02:00,WALKING
1,5.4,2024-02-06 18:10:00,WALKING
1,5.0,2024-02-06 18:18:00,WALKING
1,9.0,2024-02-06 18:23:00,RUNNING
1,9.4,2024-02-06 18:33:00,RUNNING
1,8.2,2024-02-06 18:40:00,RUNNING
1,9.5,2024-02-06 18:50:00,RUNNING
1,8.8,2024-02-06 18:55:00,RUNNING
1,7.8,2024-02-06 18:59:00,RUNNING
1,11.6,2024-02-06 19:06:00,RUNNING
1,11.9,2024-02-06 19:10:00,RUNNING
1,11.1,2024-02-06 19:17:00,RUNNING
1,11.4,2024-02-06 19:21:00,RUNNING
1,8.5,2024-02-06 19:24:00,RUNNING
1,8.5,2024-02-06 19:30:00,RUNNING
1,11.9,2024-02-06 19:33:00,RUNNING
1,10.8,2024-02-06 19:37:00,RUNNING
1,8.1,2024-02-06 19:47:00,RUNNING
1,9.9,2024-02-06 19:56:00,RUNNING
1,8.2,2024-02-06 20:02:00,RUNNING
1,8.3,2024-02-06 20:11:00,RUNNING
1,11.9,2024-02-06 20:18:00,RUNNING
1,7.1,2024-02-06 20:22:00,RUNNING
1,8.2,2024-02-06 20:26:00,RUNNING
1,10.4,2024-02-06 20:35:00,RUNNING
1,8.9,2024-02-06 20:41:00,RUNNING
1,9.5,2024-02-06 20:49:00,RUNNING
1,11.5,2024-02-06 20:54:00,RUNNING
1,11.1,2024-02-06 21:00:00,RUNNING
1,11.9,2024-02-06 21:10:00,RUNNING
1,8.7,2024-02-06 21:13:00,RUNNING
1,9.5,2024-02-06 21:18:00,RUNNING
1,11.1,2024-02-06 21:21:00,RUNNING
1,9.0,2024-02-06 21:28:00,RUNNING
1,7.5,2024-02-06 21:35:00,RUNNING
1,9.6,2024-02-06 21:44:00,RUNNING
2,35.4,2024-02-06 07:00:00,IN_VEHICLE
2,40.1,2024-02-06 07:08:00,IN_VEHICLE
2,33.2,2024-02-06 07:11:00,IN_VEHICLE
2,27.2,2024-02-06 07:21:00,IN_VEHICLE
2,46.8,2024-02-06 07:24:00,IN_VEHICLE
2,0.8,2024-02-06 07:33:00,STILL
2,44.9,2024-02-06 07:39:00,IN_VEHICLE
2,24.0,2024-02-06 07:46:00,WALKING
2,30.7,2024-02-06 07:52:00,IN_VEHICLE
2,35.4,2024-02-06 08:01:00,IN_VEHICLE
2,28.9,2024-02-06 08:11:00,IN_VEHICLE
2,21.3,2024-02-06 08:20:00,IN_VEHICLE
2,46.9,2024-02-06 08:30:00,IN_VEHICLE
2,25.8,2024-02-06 08:38:00,IN_VEHICLE
2,24.3,2024-02-06 08:43:00,IN_VEHICLE
2,26.1,2024-02-06 08:52:00,IN_VEHICLE
2,46.4,2024-02-06 08:58:00,IN_VEHICLE
2,46.1,2024-02-06 09:03:00,IN_VEHICLE
2,27.9,2024-02-06 09:13:00,IN_VEHICLE
2,28.2,2024-02-06 09:20:00,IN_VEHICLE
2,36.5,2024-02-06 09:26:00,IN_VEHICLE
2,35.8,2024-02-06 09:34:00,IN_VEHICLE
2,34.7,2024-02-06 09:41:00,IN_VEHICLE
2,45.0,2024-02-06 09:46:00,IN_VEHICLE
2,47.5,2024-02-06 09:50:00,IN_VEHICLE
2,35.8,2024-02-06 09:54:00,IN_VEHICLE
2,40.2,2024-02-06 09:59:00,IN_VEHICLE
2,20.8,2024-02-06 10:05:00,IN_VEHICLE
2,47.5,2024-02-06 10:08:00,IN_VEHICLE
2,38.1,2024-02-06 10:16:00,IN_VEHICLE
2,28.6,2024-02-06 10:22:00,IN_VEHICLE
2,35.3,2024-02-06 10:26:00,IN_VEHICLE
2,37.1,2024-02-06 10:30:00,IN_VEHICLE
2,31.6,2024-02-06 10:33:00,IN_VEHICLE
2,39.7,2024-02-06 10:43:00,IN_VEHICLE
2,34.3,2024-02-06 10:53:00,IN_VEHICLE
2,48.4,2024-02-06 10:56:00,IN_VEHICLE
2,40.1,2024-02-06 11:00:00,IN_VEHICLE
2,22.0,2024-02-06 11:05:00,IN_VEHICLE
2,27.0,2024-02-06 11:08:00,IN_VEHICLE
2,36.4,2024-02-06 11:16:00,IN_VEHICLE
2,45.1,2024-02-06 11:20:00,IN_VEHICLE
2,28.4,2024-02-06 11:23:00,IN_VEHICLE
2,49.8,2024-02-06 11:30:00,IN_VEHICLE
2,49.8,2024-02-06 11:35:00,IN_VEHICLE
2,27.7,2024-02-06 11:39:00,IN_VEHICLE
2,38.1,2024-02-06 11:44:00,IN_VEHICLE
2,38.4,2024-02-06 11:50:00,IN_VEHICLE
2,44.2,2024-02-06 11:53:00,IN_VEHICLE
2,38.6,2024-02-06 12:03:00,IN_VEHICLE
2,4.1,2024-02-06 12:09:00,WALKING
2,4.1,2024-02-06 12:15:00,WALKING
2,4.0,2024-02-06 12:20:00,WALKING
2,4.2,2024-02-06 12:27:00,WALKING
2,3.0,2024-02-06 12:35:00,WALKING
2,3.1,2024-02-06 12:38:00,STILL
2,3.9,2024-02-06 12:48:00,STILL
2,5.3,2024-02-06 12:58:00,RUNNING
2,5.2,2024-02-06 13:07:00,WALKING
2,5.1,2024-02-06 13:13:00,WALKING
2,3.1,2024-02-06 13:21:00,WALKING
2,4.2,2024-02-06 13:28:00,WALKING
2,3.0,2024-02-06 13:31:00,WALKING
2,5.3,2024-02-06 13:35:00,WALKING
2,5.8,2024-02-06 13:45:00,WALKING
2,5.4,2024-02-06 13:50:00,WALKING
2,4.2,2024-02-06 13:56:00,WALKING
2,3.5,2024-02-06 13:59:00,WALKING
2,5.6,2024-02-06 14:07:00,WALKING
2,5.2,2024-02-06 14:14:00,WALKING
2,5.4,2024-02-06 14:20:00,WALKING
2,3.1,2024-02-06 14:27:00,WALKING
2,4.2,2024-02-06 14:31:00,WALKING
2,5.8,2024-02-06 14:38:00,WALKING
2,3.9,2024-02-06 14:46:00,WALKING
2,4.0,2024-02-06 14:53:00,WALKING
2,3.6,2024-02-06 14:56:00,WALKING
2,3.2,2024-02-06 15:04:00,WALKING
2,3.8,2024-02-06 15:08:00,WALKING
2,5.1,2024-02-06 15:18:00,WALKING
2,3.8,2024-02-06 15:27:00,WALKING
2,3.9,2024-02-06 15:36:00,WALKING
2,4.4,2024-02-06 15:40:00,WALKING
2,4.4,2024-02-06 15:45:00,WALKING
2,3.5,2024-02-06 15:49:00,WALKING
2,5.5,2024-02-06 15:52:00,WALKING
2,4.3,2024-02-06 15:56:00,WALKING
2,4.6,2024-02-06 16:01:00,WALKING
2,4.7,2024-02-06 16:07:00,WALKING
2,5.3,2024-02-06 16:11:00,WALKING
2,3.4,2024-02-06 16:21:00,WALKING
2,5.3,2024-02-06 16:26:00,WALKING
2,3.2,2024-02-06 16:33:00,WALKING
2,5.0,2024-02-06 16:38:00,WALKING
2,5.2,2024-02-06 16:42:00,WALKING
2,5.4,2024-02-06 16:48:00,WALKING
2,4.1,2024-02-06 16:54:00,WALKING
2,3.5,2024-02-06 16:58:00,WALKING
2,5.7,2024-02-06 17:02:00,WALKING
2,3.6,2024-02-06 17:06:00,WALKING
2,5.6,2024-02-06 17:11:00,WALKING
2,3.8,2024-02-06 17:20:00,WALKING
2,4.9,2024-02-06 17:29:00,WALKING
2,3.7,2024-02-06 17:34:00,WALKING
2,3.6,2024-02-06 17:39:00,WALKING
2,4.5,2024-02-06 17:44:00,WALKING
2,5.3,2024-02-06 17:53:00,WALKING
2,3.1,2024-02-06 17:58:00,WALKING
2,4.7,2024-02-06 18:03:00,WALKING
2,3.1,2024-02-06 18:12:00,WALKING
2,3.3,2024-02-06 18:15:00,WALKING
2,4.6,2024-02-06 18:24:00,WALKING
2,6.0,2024-02-06 18:29:00,WALKING
2,5.4,2024-02-06 18:36:00,WALKING
2,5.0,2024-02-06 18:43:00,WALKING
2,4.8,2024-02-06 18:51:00,WALKING
2,11.6,2024-02-06 18:59:00,RUNNING
2,10.0,2024-02-06 19:05:00,RUNNING
2,8.2,2024-02-06 19:08:00,RUNNING
2,8.1,2024-02-06 19:14:00,RUNNING
2,8.2,2024-02-06 19:21:00,RUNNING
2,10.1,2024-02-06 19:24:00,RUNNING
2,11.1,2024-02-06 19:33:00,RUNNING
2,10.3,2024-02-06 19:36:00,RUNNING
2,11.2,2024-02-06 19:41:00,RUNNING
2,10.7,2024-02-06 19:51:00,RUNNING
2,8.1,2024-02-06 19:57:00,RUNNING
2,11.9,2024-02-06 20:02:00,RUNNING
2,9.7,2024-02-06 20:07:00,RUNNING
2,8.0,2024-02-06 20:15:00,RUNNING
2,10.2,2024-02-06 20:20:00,RUNNING
2,8.2,2024-02-06 20:29:00,RUNNING
2,7.5,2024-02-06 20:34:00,RUNNING
2,11.0,2024-02-06 20:41:00,RUNNING
2,7.1,2024-02-06 20:49:00,RUNNING
2,9.2,2024-02-06 20:56:00,RUNNING
2,7.7,2024-02-06 21:04:00,RUNNING
2,7.1,2024-02-06 21:09:00,RUNNING
2,10.1,2024-02-06 21:13:00,RUNNING
2,0.6,2024-02-06 21:20:00,WALKING
2,10.0,2024-02-06 21:28:00,RUNNING
2,9.5,2024-02-06 21:32:00,RUNNING
2,9.9,2024-02-06 21:41:00,RUNNING
2,9.1,2024-02-06 21:47:00,RUNNING
2,8.7,2024-02-06 21:50:00,RUNNING
2,9.6,2024-02-06 21:58:00,RUNNING
2,8.5,2024-02-06 22:04:00,RUNNING
2,8.5,2024-02-06 22:14:00,RUNNING
2,9.2,2024-02-06 22:21:00,RUNNING
3,38.4,2024-02-06 08:00:00,IN_VEHICLE
3,33.3,2024-02-06 08:09:00,IN_VEHICLE
3,44.8,2024-02-06 08:12:00,IN_VEHICLE
3,39.0,2024-02-06 08:16:00,IN_VEHICLE
3,48.8,2024-02-06 08:25:00,IN_VEHICLE
3,27.8,2024-02-06 08:29:00,IN_VEHICLE
3,30.4,2024-02-06 08:36:00,IN_VEHICLE
3,30.8,2024-02-06 08:40:00,IN_VEHICLE
3,41.3,2024-02-06 08:49:00,IN_VEHICLE
3,48.2,2024-02-06 08:53:00,IN_VEHICLE
3,22.2,2024-02-06 08:58:00,IN_VEHICLE
3,49.0,2024-02-06 09:04:00,IN_VEHICLE
3,34.3,2024-02-06 09:09:00,IN_VEHICLE
3,28.5,2024-02-06 09:12:00,IN_VEHICLE
3,20.4,2024-02-06 09:20:00,IN_VEHICLE
3,45.9,2024-02-06 09:30:00,IN_VEHICLE
3,26.3,2024-02-06 09:38:00,IN_VEHICLE
3,43.0,2024-02-06 09:45:00,IN_VEHICLE
3,48.0,2024-02-06 09:54:00,IN_VEHICLE
3,47.5,2024-02-06 10:01:00,IN_VEHICLE
3,36.4,2024-02-06 10:10:00,IN_VEHICLE
3,24.0,2024-02-06 10:17:00,IN_VEHICLE
3,28.4,2024-02-06 10:26:00,IN_VEHICLE
3,21.7,2024-02-06 10:36:00,IN_VEHICLE
3,23.9,2024-02-06 10:40:00,IN_VEHICLE
3,39.5,2024-02-06 10:44:00,IN_VEHICLE
3,48.2,2024-02-06 10:52:00,IN_VEHICLE
3,49.6,2024-02-06 11:02:00,IN_VEHICLE
3,46.4,2024-02-06 11:11:00,IN_VEHICLE
3,45.9,2024-02-06 11:19:00,IN_VEHICLE
3,29.7,2024-02-06 11:25:00,IN_VEHICLE
3,33.3,2024-02-06 11:35:00,IN_VEHICLE
3,43.1,2024-02-06 11:40:00,IN_VEHICLE
3,49.0,2024-02-06 11:48:00,IN_VEHICLE
3,48.3,2024-02-06 11:52:00,IN_VEHICLE
3,25.5,2024-02-06 12:01:00,IN_VEHICLE
3,31.9,2024-02-06 12:07:00,IN_VEHICLE
3,26.5,2024-02-06 12:12:00,IN_VEHICLE
3,39.0,2024-02-06 12:16:00,IN_VEHICLE
3,46.2,2024-02-06 12:25:00,IN_VEHICLE
3,20.3,2024-02-06 12:30:00,IN_VEHICLE
3,36.9,2024-02-06 12:35:00,IN_VEHICLE
3,38.3,2024-02-06 12:45:00,IN_VEHICLE
3,36.4,2024-02-06 12:48:00,IN_VEHICLE
3,21.9,2024-02-06 12:56:00,IN_VEHICLE
3,22.9,2024-02-06 13:05:00,IN_VEHICLE
3,31.5,2024-02-06 13:08:00,IN_VEHICLE
3,24.8,2024-02-06 13:14:00,IN_VEHICLE
3,44.3,2024-02-06 13:18:00,IN_VEHICLE
3,36.0,2024-02-06 13:21:00,IN_VEHICLE
3,3.7,2024-02-06 13:24:00,WALKING
3,4.5,2024-02-06 13:31:00,WALKING
3,4.8,2024-02-06 13:39:00,WALKING
3,5.7,2024-02-06 13:44:00,WALKING
3,4.9,2024-02-06 13:50:00,WALKING
3,5.2,2024-02-06 13:58:00,WALKING
3,4.5,2024-02-06 14:05:00,WALKING
3,3.7,2024-02-06 14:13:00,WALKING
3,3.7,2024-02-06 14:18:00,WALKING
3,5.5,2024-02-06 14:22:00,WALKING
3,4.8,2024-02-06 14:32:00,WALKING
3,5.4,2024-02-06 14:35:00,WALKING
3,4.4,2024-02-06 14:39:00,WALKING
3,3.8,2024-02-06 14:48:00,WALKING
3,3.2,2024-02-06 14:51:00,WALKING
3,4.2,2024-02-06 15:00:00,WALKING
3,3.2,2024-02-06 15:06:00,WALKING
3,4.8,2024-02-06 15:09:00,WALKING
3,3.4,2024-02-06 15:19:00,WALKING
3,4.2,2024-02-06 15:27:00,WALKING
3,5.1,2024-02-06 15:33:00,WALKING
3,5.3,2024-02-06 15:40:00,WALKING
3,3.9,2024-02-06 15:45:00,WALKING
3,4.1,2024-02-06 15:51:00,WALKING
3,4.9,2024-02-06 15:56:00,WALKING
3,3.4,2024-02-06 16:06:00,WALKING
3,3.3,2024-02-06 16:16:00,WALKING
3,4.6,2024-02-06 16:20:00,WALKING
3,4.9,2024-02-06 16:27:00,WALKING
3,5.8,2024-02-06 16:34:00,WALKING
3,3.9,2024-02-06 16:41:00,WALKING
3,5.7,2024-02-06 16:48:00,WALKING
3,3.7,2024-02-06 16:55:00,WALKING
3,5.8,2024-02-06 17:00:00,WALKING
3,5.1,2024-02-06 17:06:00,WALKING
3,3.7,2024-02-06 17:15:00,WALKING
3,3.1,2024-02-06 17:21:00,WALKING
3,4.0,2024-02-06 17:26:00,WALKING
3,5.0,2024-02-06 17:31:00,WALKING
3,4.7,2024-02-06 17:34:00,WALKING
3,5.9,2024-02-06 17:42:00,WALKING
3,4.5,2024-02-06 17:50:00,WALKING
3,4.5,2024-02-06 18:00:00,WALKING
3,5.6,2024-02-06 18:06:00,WALKING
3,5.9,2024-02-06 18:09:00,WALKING
3,4.8,2024-02-06 18:14:00,WALKING
3,4.1,2024-02-06 18:18:00,WALKING
3,3.1,2024-02-06 18:28:00,WALKING
3,5.1,2024-02-06 18:31:00,WALKING
3,3.1,2024-02-06 18:35:00,WALKING
3,3.7,2024-02-06 18:42:00,WALKING
3,3.9,2024-02-06 18:49:00,WALKING
3,5.2,2024-02-06 18:57:00,WALKING
3,3.3,2024-02-06 19:00:00,WALKING
3,4.9,2024-02-06 19:07:00,WALKING
3,3.8,2024-02-06 19:11:00,WALKING
3,5.9,2024-02-06 19:17:00,WALKING
3,4.4,2024-02-06 19:20:00,WALKING
3,3.5,2024-02-06 19:24:00,WALKING
3,4.1,2024-02-06 19:32:00,WALKING
3,5.6,2024-02-06 19:39:00,WALKING
3,5.2,2024-02-06 19:43:00,WALKING
3,4.7,2024-02-06 19:52:00,WALKING
3,5.4,2024-02-06 19:55:00,WALKING
3,5.5,2024-02-06 20:05:00,WALKING
3,3.6,2024-02-06 20:15:00,WALKING
3,7.5,2024-02-06 20:20:00,RUNNING
3,9.5,2024-02-06 20:28:00,RUNNING
3,8.3,2024-02-06 20:36:00,RUNNING
3,11.5,2024-02-06 20:42:00,RUNNING
3,9.5,2024-02-06 20:46:00,RUNNING
3,8.7,2024-02-06 20:55:00,RUNNING
3,10.7,2024-02-06 20:59:00,RUNNING
3,9.1,2024-02-06 21:03:00,RUNNING
3,8.5,2024-02-06 21:10:00,RUNNING
3,8.4,2024-02-06 21:19:00,RUNNING
3,10.0,2024-02-06 21:29:00,RUNNING
3,10.5,2024-02-06 21:39:00,RUNNING
3,10.9,2024-02-06 21:42:00,RUNNING
3,8.0,2024-02-06 21:46:00,RUNNING
3,7.7,2024-02-06 21:52:00,RUNNING
3,10.3,2024-02-06 21:57:00,RUNNING
3,9.7,2024-02-06 22:02:00,RUNNING
3,11.3,2024-02-06 22:12:00,RUNNING
3,10.3,2024-02-06 22:18:00,RUNNING
3,10.7,2024-02-06 22:21:00,RUNNING
3,8.3,2024-02-06 22:27:00,RUNNING
3,8.3,2024-02-06 22:32:00,RUNNING
3,11.2,2024-02-06 22:40:00,RUNNING
3,10.4,2024-02-06 22:45:00,RUNNING
3,11.7,2024-02-06 22:49:00,RUNNING
3,11.5,2024-02-06 22:53:00,RUNNING
3,10.4,2024-02-06 23:03:00,RUNNING
3,9.7,2024-02-06 23:06:00,RUNNING
3,7.1,2024-02-06 23:10:00,RUNNING
3,8.0,2024-02-06 23:19:00,RUNNING
3,7.9,2024-02-06 23:28:00,RUNNING
3,7.1,2024-02-06 23:36:00,RUNNING
3,11.1,2024-02-06 23:42:00,RUNNING
